time,tool,ms
15:42:48,get_available_slots,1199
15:44:11,book_appointment,705
15:47:09,get_available_slots,1009
15:48:32,book_appointment,744
16:02:40,find_appointments,850
16:11:35,find_appointments,736
16:12:06,get_available_slots,948
16:12:47,book_appointment,663
16:15:34,find_appointments,740
16:16:18,change_appointment,761
16:27:43,search_policies,903
16:29:51,search_policies,1478
16:30:24,search_policies,1377
16:31:16,search_policies,880
13:11:59,get_available_slots,1230
13:12:47,get_available_slots,964
13:14:34,find_appointments,846
13:15:35,book_appointment,851
13:18:16,get_available_slots,1000
13:20:56,book_appointment,642
13:26:01,get_available_slots,947
17:01:01,get_available_slots,1794
17:01:51,book_appointment,1793
